country,indicator,year,obs_value,sex,unit_of_measure
Afghanistan,Diarrhoea treatment - percentage of children (under age 5) with diarrhoea who received ORS and zinc,2011,4.3,Female,%
Afghanistan,Diarrhoea treatment - percentage of children (under age 5) with diarrhoea who received ORS and zinc,2015,6.5,Female,%
Afghanistan,Diarrhoea treatment - percentage of children (under age 5) with diarrhoea who received ORS and zinc,2018,23,Female,%
Afghanistan,Diarrhoea treatment - percentage of children (under age 5) with diarrhoea who received ORS and zinc,2011,4.2,Male,%
Afghanistan,Diarrhoea treatment - percentage of children (under age 5) with diarrhoea who received ORS and zinc,2015,7.7,Male,%
Afghanistan,Diarrhoea treatment - percentage of children (under age 5) with diarrhoea who received ORS and zinc,2018,19.1,Male,%
Afghanistan,Diarrhoea treatment - percentage of children (under age 5) with diarrhoea who received ORS and zinc,2011,4.3,Total,%
Afghanistan,Diarrhoea treatment - percentage of children (under age 5) with diarrhoea who received ORS and zinc,2015,7.1,Total,%
Afghanistan,Diarrhoea treatment - percentage of children (under age 5) with diarrhoea who received ORS and zinc,2018,21.1,Total,%
Albania,Diarrhoea treatment - percentage of children (under age 5) with diarrhoea who received ORS and zinc,2009,49,Female,%
Albania,Diarrhoea treatment - percentage of children (under age 5) with diarrhoea who received ORS and zinc,2018,10.3,Female,%
Albania,Diarrhoea treatment - percentage of children (under age 5) with diarrhoea who received ORS and zinc,2009,59.3,Male,%
Albania,Diarrhoea treatment - percentage of children (under age 5) with diarrhoea who received ORS and zinc,2018,5.3,Male,%
Albania,Diarrhoea treatment - percentage of children (under age 5) with diarrhoea who received ORS and zinc,2009,55.3,Total,%
Albania,Diarrhoea treatment - percentage of children (under age 5) with diarrhoea who received ORS and zinc,2018,7.4,Total,%
Armenia,Diarrhoea treatment - percentage of children (under age 5) with diarrhoea who received ORS and zinc,2010,28,Female,%
Armenia,Diarrhoea treatment - percentage of children (under age 5) with diarrhoea who received ORS and zinc,2010,40.3,Male,%
Armenia,Diarrhoea treatment - percentage of children (under age 5) with diarrhoea who received ORS and zinc,2010,34.1,Total,%
Armenia,Diarrhoea treatment - percentage of children (under age 5) with diarrhoea who received ORS and zinc,2016,2,Total,%
Bangladesh,Diarrhoea treatment - percentage of children (under age 5) with diarrhoea who received ORS and zinc,2007,18.9,Female,%
Bangladesh,Diarrhoea treatment - percentage of children (under age 5) with diarrhoea who received ORS and zinc,2018,39.8,Female,%
Bangladesh,Diarrhoea treatment - percentage of children (under age 5) with diarrhoea who received ORS and zinc,2019,34.1,Female,%
Bangladesh,Diarrhoea treatment - percentage of children (under age 5) with diarrhoea who received ORS and zinc,2007,17.7,Male,%
Bangladesh,Diarrhoea treatment - percentage of children (under age 5) with diarrhoea who received ORS and zinc,2018,45.5,Male,%
Bangladesh,Diarrhoea treatment - percentage of children (under age 5) with diarrhoea who received ORS and zinc,2019,35.8,Male,%
Bangladesh,Diarrhoea treatment - percentage of children (under age 5) with diarrhoea who received ORS and zinc,2007,18.2,Total,%
Bangladesh,Diarrhoea treatment - percentage of children (under age 5) with diarrhoea who received ORS and zinc,2018,43,Total,%
Bangladesh,Diarrhoea treatment - percentage of children (under age 5) with diarrhoea who received ORS and zinc,2019,35,Total,%
Belarus,Diarrhoea treatment - percentage of children (under age 5) with diarrhoea who received ORS and zinc,2019,6.8,Female,%
Belarus,Diarrhoea treatment - percentage of children (under age 5) with diarrhoea who received ORS and zinc,2019,4.2,Male,%
Belarus,Diarrhoea treatment - percentage of children (under age 5) with diarrhoea who received ORS and zinc,2019,5.4,Total,%
Belize,Diarrhoea treatment - percentage of children (under age 5) with diarrhoea who received ORS and zinc,2016,3.8,Female,%
Belize,Diarrhoea treatment - percentage of children (under age 5) with diarrhoea who received ORS and zinc,2016,5.7,Male,%
Belize,Diarrhoea treatment - percentage of children (under age 5) with diarrhoea who received ORS and zinc,2016,4.8,Total,%
Benin,Diarrhoea treatment - percentage of children (under age 5) with diarrhoea who received ORS and zinc,2006,9,Female,%
Benin,Diarrhoea treatment - percentage of children (under age 5) with diarrhoea who received ORS and zinc,2012,9,Female,%
Benin,Diarrhoea treatment - percentage of children (under age 5) with diarrhoea who received ORS and zinc,2014,13.7,Female,%
Benin,Diarrhoea treatment - percentage of children (under age 5) with diarrhoea who received ORS and zinc,2018,10.5,Female,%
Benin,Diarrhoea treatment - percentage of children (under age 5) with diarrhoea who received ORS and zinc,2006,8.5,Male,%
Benin,Diarrhoea treatment - percentage of children (under age 5) with diarrhoea who received ORS and zinc,2012,8.5,Male,%
Benin,Diarrhoea treatment - percentage of children (under age 5) with diarrhoea who received ORS and zinc,2014,17.5,Male,%
Benin,Diarrhoea treatment - percentage of children (under age 5) with diarrhoea who received ORS and zinc,2018,10.5,Male,%
Benin,Diarrhoea treatment - percentage of children (under age 5) with diarrhoea who received ORS and zinc,2006,8.7,Total,%
Benin,Diarrhoea treatment - percentage of children (under age 5) with diarrhoea who received ORS and zinc,2012,8.7,Total,%
Benin,Diarrhoea treatment - percentage of children (under age 5) with diarrhoea who received ORS and zinc,2014,15.5,Total,%
Benin,Diarrhoea treatment - percentage of children (under age 5) with diarrhoea who received ORS and zinc,2018,10.5,Total,%
Bhutan,Diarrhoea treatment - percentage of children (under age 5) with diarrhoea who received ORS and zinc,2010,0.8,Female,%
Bhutan,Diarrhoea treatment - percentage of children (under age 5) with diarrhoea who received ORS and zinc,2010,0.4,Male,%
Bhutan,Diarrhoea treatment - percentage of children (under age 5) with diarrhoea who received ORS and zinc,2010,0.6,Total,%
"Bolivia, Plurinational State of",Diarrhoea treatment - percentage of children (under age 5) with diarrhoea who received ORS and zinc,2008,2.9,Female,%
Bolivia,Diarrhoea treatment - percentage of children (under age 5) with diarrhoea who received ORS and zinc,2008,2.9,Female,%
"Bolivia, Plurinational State of",Diarrhoea treatment - percentage of children (under age 5) with diarrhoea who received ORS and zinc,2012,61.5,Female,%
Bolivia,Diarrhoea treatment - percentage of children (under age 5) with diarrhoea who received ORS and zinc,2012,61.5,Female,%
"Bolivia, Plurinational State of",Diarrhoea treatment - percentage of children (under age 5) with diarrhoea who received ORS and zinc,2008,3.2,Male,%
Bolivia,Diarrhoea treatment - percentage of children (under age 5) with diarrhoea who received ORS and zinc,2008,3.2,Male,%
"Bolivia, Plurinational State of",Diarrhoea treatment - percentage of children (under age 5) with diarrhoea who received ORS and zinc,2012,59.1,Male,%
Bolivia,Diarrhoea treatment - percentage of children (under age 5) with diarrhoea who received ORS and zinc,2012,59.1,Male,%
"Bolivia, Plurinational State of",Diarrhoea treatment - percentage of children (under age 5) with diarrhoea who received ORS and zinc,2008,3.1,Total,%
Bolivia,Diarrhoea treatment - percentage of children (under age 5) with diarrhoea who received ORS and zinc,2008,3.1,Total,%
"Bolivia, Plurinational State of",Diarrhoea treatment - percentage of children (under age 5) with diarrhoea who received ORS and zinc,2012,60.2,Total,%
Bolivia,Diarrhoea treatment - percentage of children (under age 5) with diarrhoea who received ORS and zinc,2012,60.2,Total,%
Burkina Faso,Diarrhoea treatment - percentage of children (under age 5) with diarrhoea who received ORS and zinc,2010,0.1,Female,%
Burkina Faso,Diarrhoea treatment - percentage of children (under age 5) with diarrhoea who received ORS and zinc,2021,16.8,Female,%
Burkina Faso,Diarrhoea treatment - percentage of children (under age 5) with diarrhoea who received ORS and zinc,2010,0.2,Male,%
Burkina Faso,Diarrhoea treatment - percentage of children (under age 5) with diarrhoea who received ORS and zinc,2021,15.1,Male,%
Burkina Faso,Diarrhoea treatment - percentage of children (under age 5) with diarrhoea who received ORS and zinc,2010,0.1,Total,%
Burkina Faso,Diarrhoea treatment - percentage of children (under age 5) with diarrhoea who received ORS and zinc,2015,0.8,Total,%
Burkina Faso,Diarrhoea treatment - percentage of children (under age 5) with diarrhoea who received ORS and zinc,2021,15.9,Total,%
Burundi,Diarrhoea treatment - percentage of children (under age 5) with diarrhoea who received ORS and zinc,2010,0.1,Female,%
Burundi,Diarrhoea treatment - percentage of children (under age 5) with diarrhoea who received ORS and zinc,2017,5.7,Female,%
Burundi,Diarrhoea treatment - percentage of children (under age 5) with diarrhoea who received ORS and zinc,2010,0.1,Male,%
Burundi,Diarrhoea treatment - percentage of children (under age 5) with diarrhoea who received ORS and zinc,2017,6.3,Male,%
Burundi,Diarrhoea treatment - percentage of children (under age 5) with diarrhoea who received ORS and zinc,2010,0.1,Total,%
Burundi,Diarrhoea treatment - percentage of children (under age 5) with diarrhoea who received ORS and zinc,2017,6,Total,%
Cape Verde,Diarrhoea treatment - percentage of children (under age 5) with diarrhoea who received ORS and zinc,2018,6.6,Female,%
Cape Verde,Diarrhoea treatment - percentage of children (under age 5) with diarrhoea who received ORS and zinc,2018,9.3,Male,%
Cape Verde,Diarrhoea treatment - percentage of children (under age 5) with diarrhoea who received ORS and zinc,2018,8.2,Total,%
Cambodia,Diarrhoea treatment - percentage of children (under age 5) with diarrhoea who received ORS and zinc,2011,0.3,Female,%
Cambodia,Diarrhoea treatment - percentage of children (under age 5) with diarrhoea who received ORS and zinc,2014,2.9,Female,%
Cambodia,Diarrhoea treatment - percentage of children (under age 5) with diarrhoea who received ORS and zinc,2022,10.2,Female,%
Cambodia,Diarrhoea treatment - percentage of children (under age 5) with diarrhoea who received ORS and zinc,2011,1.4,Male,%
Cambodia,Diarrhoea treatment - percentage of children (under age 5) with diarrhoea who received ORS and zinc,2014,3.5,Male,%
Cambodia,Diarrhoea treatment - percentage of children (under age 5) with diarrhoea who received ORS and zinc,2022,8.9,Male,%
Cambodia,Diarrhoea treatment - percentage of children (under age 5) with diarrhoea who received ORS and zinc,2011,0.9,Total,%
Cambodia,Diarrhoea treatment - percentage of children (under age 5) with diarrhoea who received ORS and zinc,2014,3.2,Total,%
Cambodia,Diarrhoea treatment - percentage of children (under age 5) with diarrhoea who received ORS and zinc,2022,9.5,Total,%
Cameroon,Diarrhoea treatment - percentage of children (under age 5) with diarrhoea who received ORS and zinc,2011,0,Female,%
Cameroon,Diarrhoea treatment - percentage of children (under age 5) with diarrhoea who received ORS and zinc,2014,8,Female,%
Cameroon,Diarrhoea treatment - percentage of children (under age 5) with diarrhoea who received ORS and zinc,2018,7.2,Female,%
Cameroon,Diarrhoea treatment - percentage of children (under age 5) with diarrhoea who received ORS and zinc,2011,0,Male,%
Cameroon,Diarrhoea treatment - percentage of children (under age 5) with diarrhoea who received ORS and zinc,2014,8.3,Male,%
Cameroon,Diarrhoea treatment - percentage of children (under age 5) with diarrhoea who received ORS and zinc,2018,8,Male,%
Cameroon,Diarrhoea treatment - percentage of children (under age 5) with diarrhoea who received ORS and zinc,2011,0,Total,%
Cameroon,Diarrhoea treatment - percentage of children (under age 5) with diarrhoea who received ORS and zinc,2014,8.2,Total,%
Cameroon,Diarrhoea treatment - percentage of children (under age 5) with diarrhoea who received ORS and zinc,2018,7.7,Total,%
Central African Republic,Diarrhoea treatment - percentage of children (under age 5) with diarrhoea who received ORS and zinc,2010,0.3,Female,%
Central African Republic,Diarrhoea treatment - percentage of children (under age 5) with diarrhoea who received ORS and zinc,2019,9.1,Female,%
Central African Republic,Diarrhoea treatment - percentage of children (under age 5) with diarrhoea who received ORS and zinc,2010,0.2,Male,%
Central African Republic,Diarrhoea treatment - percentage of children (under age 5) with diarrhoea who received ORS and zinc,2019,6.6,Male,%
Central African Republic,Diarrhoea treatment - percentage of children (under age 5) with diarrhoea who received ORS and zinc,2010,0.3,Total,%
Central African Republic,Diarrhoea treatment - percentage of children (under age 5) with diarrhoea who received ORS and zinc,2019,7.9,Total,%
Chad,Diarrhoea treatment - percentage of children (under age 5) with diarrhoea who received ORS and zinc,2010,0.3,Female,%
Chad,Diarrhoea treatment - percentage of children (under age 5) with diarrhoea who received ORS and zinc,2015,0.5,Female,%
Chad,Diarrhoea treatment - percentage of children (under age 5) with diarrhoea who received ORS and zinc,2019,9.6,Female,%
Chad,Diarrhoea treatment - percentage of children (under age 5) with diarrhoea who received ORS and zinc,2010,0.1,Male,%
Chad,Diarrhoea treatment - percentage of children (under age 5) with diarrhoea who received ORS and zinc,2015,0.6,Male,%
Chad,Diarrhoea treatment - percentage of children (under age 5) with diarrhoea who received ORS and zinc,2019,11.1,Male,%
Chad,Diarrhoea treatment - percentage of children (under age 5) with diarrhoea who received ORS and zinc,2010,0.2,Total,%
Chad,Diarrhoea treatment - percentage of children (under age 5) with diarrhoea who received ORS and zinc,2015,0.5,Total,%
Chad,Diarrhoea treatment - percentage of children (under age 5) with diarrhoea who received ORS and zinc,2019,10.4,Total,%
Comoros,Diarrhoea treatment - percentage of children (under age 5) with diarrhoea who received ORS and zinc,2012,0.4,Female,%
Comoros,Diarrhoea treatment - percentage of children (under age 5) with diarrhoea who received ORS and zinc,2012,0.2,Total,%
Congo,Diarrhoea treatment - percentage of children (under age 5) with diarrhoea who received ORS and zinc,2015,7.8,Total,%
Costa Rica,Diarrhoea treatment - percentage of children (under age 5) with diarrhoea who received ORS and zinc,2018,4.4,Female,%
Costa Rica,Diarrhoea treatment - percentage of children (under age 5) with diarrhoea who received ORS and zinc,2018,3.3,Male,%
Costa Rica,Diarrhoea treatment - percentage of children (under age 5) with diarrhoea who received ORS and zinc,2018,3.9,Total,%
Cuba,Diarrhoea treatment - percentage of children (under age 5) with diarrhoea who received ORS and zinc,2014,4.7,Female,%
Cuba,Diarrhoea treatment - percentage of children (under age 5) with diarrhoea who received ORS and zinc,2019,7.2,Female,%
Cuba,Diarrhoea treatment - percentage of children (under age 5) with diarrhoea who received ORS and zinc,2014,20.9,Male,%
Cuba,Diarrhoea treatment - percentage of children (under age 5) with diarrhoea who received ORS and zinc,2019,8.8,Male,%
Cuba,Diarrhoea treatment - percentage of children (under age 5) with diarrhoea who received ORS and zinc,2014,15.5,Total,%
Cuba,Diarrhoea treatment - percentage of children (under age 5) with diarrhoea who received ORS and zinc,2019,8.1,Total,%
Côte d'Ivoire,Diarrhoea treatment - percentage of children (under age 5) with diarrhoea who received ORS and zinc,2016,4.9,Female,%
Ivory Coast,Diarrhoea treatment - percentage of children (under age 5) with diarrhoea who received ORS and zinc,2016,4.9,Female,%
Côte d'Ivoire,Diarrhoea treatment - percentage of children (under age 5) with diarrhoea who received ORS and zinc,2021,9.6,Female,%
Ivory Coast,Diarrhoea treatment - percentage of children (under age 5) with diarrhoea who received ORS and zinc,2021,9.6,Female,%
Côte d'Ivoire,Diarrhoea treatment - percentage of children (under age 5) with diarrhoea who received ORS and zinc,2012,0.3,Male,%
Ivory Coast,Diarrhoea treatment - percentage of children (under age 5) with diarrhoea who received ORS and zinc,2012,0.3,Male,%
Côte d'Ivoire,Diarrhoea treatment - percentage of children (under age 5) with diarrhoea who received ORS and zinc,2016,6.3,Male,%
Ivory Coast,Diarrhoea treatment - percentage of children (under age 5) with diarrhoea who received ORS and zinc,2016,6.3,Male,%
Côte d'Ivoire,Diarrhoea treatment - percentage of children (under age 5) with diarrhoea who received ORS and zinc,2021,11.6,Male,%
Ivory Coast,Diarrhoea treatment - percentage of children (under age 5) with diarrhoea who received ORS and zinc,2021,11.6,Male,%
Côte d'Ivoire,Diarrhoea treatment - percentage of children (under age 5) with diarrhoea who received ORS and zinc,2012,0.1,Total,%
Ivory Coast,Diarrhoea treatment - percentage of children (under age 5) with diarrhoea who received ORS and zinc,2012,0.1,Total,%
Côte d'Ivoire,Diarrhoea treatment - percentage of children (under age 5) with diarrhoea who received ORS and zinc,2016,5.6,Total,%
Ivory Coast,Diarrhoea treatment - percentage of children (under age 5) with diarrhoea who received ORS and zinc,2016,5.6,Total,%
Côte d'Ivoire,Diarrhoea treatment - percentage of children (under age 5) with diarrhoea who received ORS and zinc,2021,10.7,Total,%
Ivory Coast,Diarrhoea treatment - percentage of children (under age 5) with diarrhoea who received ORS and zinc,2021,10.7,Total,%
"Korea, Democratic People's Republic of",Diarrhoea treatment - percentage of children (under age 5) with diarrhoea who received ORS and zinc,2017,50,Female,%
"Korea, Democratic People's Republic of",Diarrhoea treatment - percentage of children (under age 5) with diarrhoea who received ORS and zinc,2017,40.8,Male,%
"Korea, Democratic People's Republic of",Diarrhoea treatment - percentage of children (under age 5) with diarrhoea who received ORS and zinc,2017,45,Total,%
"Congo, the Democratic Republic of the",Diarrhoea treatment - percentage of children (under age 5) with diarrhoea who received ORS and zinc,2010,1.1,Female,%
"Congo, the Democratic Republic of the",Diarrhoea treatment - percentage of children (under age 5) with diarrhoea who received ORS and zinc,2014,1.8,Female,%
"Congo, the Democratic Republic of the",Diarrhoea treatment - percentage of children (under age 5) with diarrhoea who received ORS and zinc,2018,11.4,Female,%
"Congo, the Democratic Republic of the",Diarrhoea treatment - percentage of children (under age 5) with diarrhoea who received ORS and zinc,2010,1.1,Male,%
"Congo, the Democratic Republic of the",Diarrhoea treatment - percentage of children (under age 5) with diarrhoea who received ORS and zinc,2014,1.4,Male,%
"Congo, the Democratic Republic of the",Diarrhoea treatment - percentage of children (under age 5) with diarrhoea who received ORS and zinc,2018,9.8,Male,%
"Congo, the Democratic Republic of the",Diarrhoea treatment - percentage of children (under age 5) with diarrhoea who received ORS and zinc,2010,1.1,Total,%
"Congo, the Democratic Republic of the",Diarrhoea treatment - percentage of children (under age 5) with diarrhoea who received ORS and zinc,2014,1.6,Total,%
"Congo, the Democratic Republic of the",Diarrhoea treatment - percentage of children (under age 5) with diarrhoea who received ORS and zinc,2018,10.6,Total,%
Egypt,Diarrhoea treatment - percentage of children (under age 5) with diarrhoea who received ORS and zinc,2005,0.7,Female,%
Egypt,Diarrhoea treatment - percentage of children (under age 5) with diarrhoea who received ORS and zinc,2008,0.2,Female,%
Egypt,Diarrhoea treatment - percentage of children (under age 5) with diarrhoea who received ORS and zinc,2014,0.3,Female,%
Egypt,Diarrhoea treatment - percentage of children (under age 5) with diarrhoea who received ORS and zinc,2005,0.2,Male,%
Egypt,Diarrhoea treatment - percentage of children (under age 5) with diarrhoea who received ORS and zinc,2008,0.2,Male,%
Egypt,Diarrhoea treatment - percentage of children (under age 5) with diarrhoea who received ORS and zinc,2014,0.6,Male,%
Egypt,Diarrhoea treatment - percentage of children (under age 5) with diarrhoea who received ORS and zinc,2005,0.5,Total,%
Egypt,Diarrhoea treatment - percentage of children (under age 5) with diarrhoea who received ORS and zinc,2008,0.2,Total,%
Egypt,Diarrhoea treatment - percentage of children (under age 5) with diarrhoea who received ORS and zinc,2014,0.5,Total,%
El Salvador,Diarrhoea treatment - percentage of children (under age 5) with diarrhoea who received ORS and zinc,2014,22.6,Female,%
El Salvador,Diarrhoea treatment - percentage of children (under age 5) with diarrhoea who received ORS and zinc,2021,28.3,Female,%
El Salvador,Diarrhoea treatment - percentage of children (under age 5) with diarrhoea who received ORS and zinc,2014,27.7,Male,%
El Salvador,Diarrhoea treatment - percentage of children (under age 5) with diarrhoea who received ORS and zinc,2021,30.3,Male,%
El Salvador,Diarrhoea treatment - percentage of children (under age 5) with diarrhoea who received ORS and zinc,2014,25.2,Total,%
El Salvador,Diarrhoea treatment - percentage of children (under age 5) with diarrhoea who received ORS and zinc,2021,29.4,Total,%
Swaziland,Diarrhoea treatment - percentage of children (under age 5) with diarrhoea who received ORS and zinc,2014,42.3,Total,%
Ethiopia,Diarrhoea treatment - percentage of children (under age 5) with diarrhoea who received ORS and zinc,2005,0.1,Female,%
Ethiopia,Diarrhoea treatment - percentage of children (under age 5) with diarrhoea who received ORS and zinc,2011,0,Female,%
Ethiopia,Diarrhoea treatment - percentage of children (under age 5) with diarrhoea who received ORS and zinc,2016,15.9,Female,%
Ethiopia,Diarrhoea treatment - percentage of children (under age 5) with diarrhoea who received ORS and zinc,2005,0.2,Male,%
Ethiopia,Diarrhoea treatment - percentage of children (under age 5) with diarrhoea who received ORS and zinc,2011,0.1,Male,%
Ethiopia,Diarrhoea treatment - percentage of children (under age 5) with diarrhoea who received ORS and zinc,2016,17.3,Male,%
Ethiopia,Diarrhoea treatment - percentage of children (under age 5) with diarrhoea who received ORS and zinc,2005,0.1,Total,%
Ethiopia,Diarrhoea treatment - percentage of children (under age 5) with diarrhoea who received ORS and zinc,2011,0,Total,%
Ethiopia,Diarrhoea treatment - percentage of children (under age 5) with diarrhoea who received ORS and zinc,2016,16.6,Total,%
Fiji,Diarrhoea treatment - percentage of children (under age 5) with diarrhoea who received ORS and zinc,2021,18.7,Female,%
Fiji,Diarrhoea treatment - percentage of children (under age 5) with diarrhoea who received ORS and zinc,2021,16.1,Male,%
Fiji,Diarrhoea treatment - percentage of children (under age 5) with diarrhoea who received ORS and zinc,2021,17.1,Total,%
Gambia,Diarrhoea treatment - percentage of children (under age 5) with diarrhoea who received ORS and zinc,2018,13.1,Female,%
Gambia,Diarrhoea treatment - percentage of children (under age 5) with diarrhoea who received ORS and zinc,2020,22.4,Female,%
Gambia,Diarrhoea treatment - percentage of children (under age 5) with diarrhoea who received ORS and zinc,2018,15.3,Male,%
Gambia,Diarrhoea treatment - percentage of children (under age 5) with diarrhoea who received ORS and zinc,2020,20.1,Male,%
Gambia,Diarrhoea treatment - percentage of children (under age 5) with diarrhoea who received ORS and zinc,2018,14.3,Total,%
Gambia,Diarrhoea treatment - percentage of children (under age 5) with diarrhoea who received ORS and zinc,2020,21.1,Total,%
Georgia,Diarrhoea treatment - percentage of children (under age 5) with diarrhoea who received ORS and zinc,2018,3,Female,%
Georgia,Diarrhoea treatment - percentage of children (under age 5) with diarrhoea who received ORS and zinc,2018,7.9,Male,%
Georgia,Diarrhoea treatment - percentage of children (under age 5) with diarrhoea who received ORS and zinc,2018,5.3,Total,%
Ghana,Diarrhoea treatment - percentage of children (under age 5) with diarrhoea who received ORS and zinc,2008,0.7,Female,%
Ghana,Diarrhoea treatment - percentage of children (under age 5) with diarrhoea who received ORS and zinc,2011,0.1,Female,%
Ghana,Diarrhoea treatment - percentage of children (under age 5) with diarrhoea who received ORS and zinc,2014,6.6,Female,%
Ghana,Diarrhoea treatment - percentage of children (under age 5) with diarrhoea who received ORS and zinc,2018,29,Female,%
Ghana,Diarrhoea treatment - percentage of children (under age 5) with diarrhoea who received ORS and zinc,2008,1.2,Male,%
Ghana,Diarrhoea treatment - percentage of children (under age 5) with diarrhoea who received ORS and zinc,2014,4.8,Male,%
Ghana,Diarrhoea treatment - percentage of children (under age 5) with diarrhoea who received ORS and zinc,2018,25.4,Male,%
Ghana,Diarrhoea treatment - percentage of children (under age 5) with diarrhoea who received ORS and zinc,2008,0.9,Total,%
Ghana,Diarrhoea treatment - percentage of children (under age 5) with diarrhoea who received ORS and zinc,2011,0,Total,%
Ghana,Diarrhoea treatment - percentage of children (under age 5) with diarrhoea who received ORS and zinc,2014,5.5,Total,%
Ghana,Diarrhoea treatment - percentage of children (under age 5) with diarrhoea who received ORS and zinc,2018,27.2,Total,%
Guatemala,Diarrhoea treatment - percentage of children (under age 5) with diarrhoea who received ORS and zinc,2015,0.7,Female,%
Guatemala,Diarrhoea treatment - percentage of children (under age 5) with diarrhoea who received ORS and zinc,2015,1.3,Male,%
Guatemala,Diarrhoea treatment - percentage of children (under age 5) with diarrhoea who received ORS and zinc,2015,1,Total,%
Guinea,Diarrhoea treatment - percentage of children (under age 5) with diarrhoea who received ORS and zinc,2016,14.8,Female,%
Guinea,Diarrhoea treatment - percentage of children (under age 5) with diarrhoea who received ORS and zinc,2018,22.3,Female,%
Guinea,Diarrhoea treatment - percentage of children (under age 5) with diarrhoea who received ORS and zinc,2012,0.5,Male,%
Guinea,Diarrhoea treatment - percentage of children (under age 5) with diarrhoea who received ORS and zinc,2016,17.6,Male,%
Guinea,Diarrhoea treatment - percentage of children (under age 5) with diarrhoea who received ORS and zinc,2018,21.2,Male,%
Guinea,Diarrhoea treatment - percentage of children (under age 5) with diarrhoea who received ORS and zinc,2012,0.3,Total,%
Guinea,Diarrhoea treatment - percentage of children (under age 5) with diarrhoea who received ORS and zinc,2016,16.3,Total,%
Guinea,Diarrhoea treatment - percentage of children (under age 5) with diarrhoea who received ORS and zinc,2018,21.7,Total,%
Guinea-Bissau,Diarrhoea treatment - percentage of children (under age 5) with diarrhoea who received ORS and zinc,2019,23.1,Female,%
Guinea-Bissau,Diarrhoea treatment - percentage of children (under age 5) with diarrhoea who received ORS and zinc,2019,20.2,Male,%
Guinea-Bissau,Diarrhoea treatment - percentage of children (under age 5) with diarrhoea who received ORS and zinc,2014,16.5,Total,%
Guinea-Bissau,Diarrhoea treatment - percentage of children (under age 5) with diarrhoea who received ORS and zinc,2019,21.5,Total,%
Guyana,Diarrhoea treatment - percentage of children (under age 5) with diarrhoea who received ORS and zinc,2009,1.4,Female,%
Guyana,Diarrhoea treatment - percentage of children (under age 5) with diarrhoea who received ORS and zinc,2009,1.2,Male,%
Guyana,Diarrhoea treatment - percentage of children (under age 5) with diarrhoea who received ORS and zinc,2009,1.3,Total,%
Haiti,Diarrhoea treatment - percentage of children (under age 5) with diarrhoea who received ORS and zinc,2012,0.2,Female,%
Haiti,Diarrhoea treatment - percentage of children (under age 5) with diarrhoea who received ORS and zinc,2017,4.1,Female,%
Haiti,Diarrhoea treatment - percentage of children (under age 5) with diarrhoea who received ORS and zinc,2017,5,Male,%
Haiti,Diarrhoea treatment - percentage of children (under age 5) with diarrhoea who received ORS and zinc,2012,0.1,Total,%
Haiti,Diarrhoea treatment - percentage of children (under age 5) with diarrhoea who received ORS and zinc,2017,4.6,Total,%
Honduras,Diarrhoea treatment - percentage of children (under age 5) with diarrhoea who received ORS and zinc,2012,0.1,Female,%
Honduras,Diarrhoea treatment - percentage of children (under age 5) with diarrhoea who received ORS and zinc,2019,20,Female,%
Honduras,Diarrhoea treatment - percentage of children (under age 5) with diarrhoea who received ORS and zinc,2012,0.2,Male,%
Honduras,Diarrhoea treatment - percentage of children (under age 5) with diarrhoea who received ORS and zinc,2019,19.4,Male,%
Honduras,Diarrhoea treatment - percentage of children (under age 5) with diarrhoea who received ORS and zinc,2012,0.2,Total,%
Honduras,Diarrhoea treatment - percentage of children (under age 5) with diarrhoea who received ORS and zinc,2019,19.7,Total,%
India,Diarrhoea treatment - percentage of children (under age 5) with diarrhoea who received ORS and zinc,2006,0.2,Female,%
India,Diarrhoea treatment - percentage of children (under age 5) with diarrhoea who received ORS and zinc,2014,12.8,Female,%
India,Diarrhoea treatment - percentage of children (under age 5) with diarrhoea who received ORS and zinc,2016,14.7,Female,%
India,Diarrhoea treatment - percentage of children (under age 5) with diarrhoea who received ORS and zinc,2021,22.9,Female,%
India,Diarrhoea treatment - percentage of children (under age 5) with diarrhoea who received ORS and zinc,2006,0.2,Male,%
India,Diarrhoea treatment - percentage of children (under age 5) with diarrhoea who received ORS and zinc,2014,12.4,Male,%
India,Diarrhoea treatment - percentage of children (under age 5) with diarrhoea who received ORS and zinc,2016,15,Male,%
India,Diarrhoea treatment - percentage of children (under age 5) with diarrhoea who received ORS and zinc,2021,24.1,Male,%
India,Diarrhoea treatment - percentage of children (under age 5) with diarrhoea who received ORS and zinc,2006,0.2,Total,%
India,Diarrhoea treatment - percentage of children (under age 5) with diarrhoea who received ORS and zinc,2014,12.6,Total,%
India,Diarrhoea treatment - percentage of children (under age 5) with diarrhoea who received ORS and zinc,2016,14.9,Total,%
India,Diarrhoea treatment - percentage of children (under age 5) with diarrhoea who received ORS and zinc,2021,23.5,Total,%
Indonesia,Diarrhoea treatment - percentage of children (under age 5) with diarrhoea who received ORS and zinc,2012,0.1,Female,%
Indonesia,Diarrhoea treatment - percentage of children (under age 5) with diarrhoea who received ORS and zinc,2017,18.1,Female,%
Indonesia,Diarrhoea treatment - percentage of children (under age 5) with diarrhoea who received ORS and zinc,2012,0.8,Male,%
Indonesia,Diarrhoea treatment - percentage of children (under age 5) with diarrhoea who received ORS and zinc,2017,17.6,Male,%
Indonesia,Diarrhoea treatment - percentage of children (under age 5) with diarrhoea who received ORS and zinc,2012,0.5,Total,%
Indonesia,Diarrhoea treatment - percentage of children (under age 5) with diarrhoea who received ORS and zinc,2017,17.8,Total,%
Iraq,Diarrhoea treatment - percentage of children (under age 5) with diarrhoea who received ORS and zinc,2011,0.6,Female,%
Iraq,Diarrhoea treatment - percentage of children (under age 5) with diarrhoea who received ORS and zinc,2018,3.9,Female,%
Iraq,Diarrhoea treatment - percentage of children (under age 5) with diarrhoea who received ORS and zinc,2011,1,Male,%
Iraq,Diarrhoea treatment - percentage of children (under age 5) with diarrhoea who received ORS and zinc,2018,6.4,Male,%
Iraq,Diarrhoea treatment - percentage of children (under age 5) with diarrhoea who received ORS and zinc,2011,0.8,Total,%
Iraq,Diarrhoea treatment - percentage of children (under age 5) with diarrhoea who received ORS and zinc,2018,5.2,Total,%
Kenya,Diarrhoea treatment - percentage of children (under age 5) with diarrhoea who received ORS and zinc,2014,6.5,Female,%
Kenya,Diarrhoea treatment - percentage of children (under age 5) with diarrhoea who received ORS and zinc,2009,0.3,Male,%
Kenya,Diarrhoea treatment - percentage of children (under age 5) with diarrhoea who received ORS and zinc,2014,7.9,Male,%
Kenya,Diarrhoea treatment - percentage of children (under age 5) with diarrhoea who received ORS and zinc,2009,0.2,Total,%
Kenya,Diarrhoea treatment - percentage of children (under age 5) with diarrhoea who received ORS and zinc,2014,7.2,Total,%
Kiribati,Diarrhoea treatment - percentage of children (under age 5) with diarrhoea who received ORS and zinc,2019,10.5,Female,%
Kiribati,Diarrhoea treatment - percentage of children (under age 5) with diarrhoea who received ORS and zinc,2019,10.3,Male,%
Kiribati,Diarrhoea treatment - percentage of children (under age 5) with diarrhoea who received ORS and zinc,2019,10.4,Total,%
Kyrgyzstan,Diarrhoea treatment - percentage of children (under age 5) with diarrhoea who received ORS and zinc,2014,6.8,Female,%
Kyrgyzstan,Diarrhoea treatment - percentage of children (under age 5) with diarrhoea who received ORS and zinc,2018,9.8,Female,%
Kyrgyzstan,Diarrhoea treatment - percentage of children (under age 5) with diarrhoea who received ORS and zinc,2014,10.1,Male,%
Kyrgyzstan,Diarrhoea treatment - percentage of children (under age 5) with diarrhoea who received ORS and zinc,2018,8.4,Male,%
Kyrgyzstan,Diarrhoea treatment - percentage of children (under age 5) with diarrhoea who received ORS and zinc,2014,8.6,Total,%
Kyrgyzstan,Diarrhoea treatment - percentage of children (under age 5) with diarrhoea who received ORS and zinc,2018,9.1,Total,%
Lao People's Democratic Republic,Diarrhoea treatment - percentage of children (under age 5) with diarrhoea who received ORS and zinc,2012,0.7,Female,%
Lao People's Democratic Republic,Diarrhoea treatment - percentage of children (under age 5) with diarrhoea who received ORS and zinc,2017,13.1,Female,%
Lao People's Democratic Republic,Diarrhoea treatment - percentage of children (under age 5) with diarrhoea who received ORS and zinc,2012,1,Male,%
Lao People's Democratic Republic,Diarrhoea treatment - percentage of children (under age 5) with diarrhoea who received ORS and zinc,2017,12,Male,%
Lao People's Democratic Republic,Diarrhoea treatment - percentage of children (under age 5) with diarrhoea who received ORS and zinc,2012,0.9,Total,%
Lao People's Democratic Republic,Diarrhoea treatment - percentage of children (under age 5) with diarrhoea who received ORS and zinc,2017,12.5,Total,%
Lesotho,Diarrhoea treatment - percentage of children (under age 5) with diarrhoea who received ORS and zinc,2018,18,Female,%
Lesotho,Diarrhoea treatment - percentage of children (under age 5) with diarrhoea who received ORS and zinc,2018,12.4,Male,%
Lesotho,Diarrhoea treatment - percentage of children (under age 5) with diarrhoea who received ORS and zinc,2018,15,Total,%
Liberia,Diarrhoea treatment - percentage of children (under age 5) with diarrhoea who received ORS and zinc,2007,0.7,Female,%
Liberia,Diarrhoea treatment - percentage of children (under age 5) with diarrhoea who received ORS and zinc,2013,1.8,Female,%
Liberia,Diarrhoea treatment - percentage of children (under age 5) with diarrhoea who received ORS and zinc,2020,16.7,Female,%
Liberia,Diarrhoea treatment - percentage of children (under age 5) with diarrhoea who received ORS and zinc,2007,0.2,Male,%
Liberia,Diarrhoea treatment - percentage of children (under age 5) with diarrhoea who received ORS and zinc,2013,3.3,Male,%
Liberia,Diarrhoea treatment - percentage of children (under age 5) with diarrhoea who received ORS and zinc,2020,18.5,Male,%
Liberia,Diarrhoea treatment - percentage of children (under age 5) with diarrhoea who received ORS and zinc,2007,0.4,Total,%
Liberia,Diarrhoea treatment - percentage of children (under age 5) with diarrhoea who received ORS and zinc,2013,2.6,Total,%
Liberia,Diarrhoea treatment - percentage of children (under age 5) with diarrhoea who received ORS and zinc,2020,17.6,Total,%
Madagascar,Diarrhoea treatment - percentage of children (under age 5) with diarrhoea who received ORS and zinc,2018,6.7,Female,%
Madagascar,Diarrhoea treatment - percentage of children (under age 5) with diarrhoea who received ORS and zinc,2021,4.9,Female,%
Madagascar,Diarrhoea treatment - percentage of children (under age 5) with diarrhoea who received ORS and zinc,2009,1.9,Male,%
Madagascar,Diarrhoea treatment - percentage of children (under age 5) with diarrhoea who received ORS and zinc,2018,6,Male,%
Madagascar,Diarrhoea treatment - percentage of children (under age 5) with diarrhoea who received ORS and zinc,2021,7.2,Male,%
Madagascar,Diarrhoea treatment - percentage of children (under age 5) with diarrhoea who received ORS and zinc,2009,1,Total,%
Madagascar,Diarrhoea treatment - percentage of children (under age 5) with diarrhoea who received ORS and zinc,2018,6.4,Total,%
Madagascar,Diarrhoea treatment - percentage of children (under age 5) with diarrhoea who received ORS and zinc,2021,6.2,Total,%
Malawi,Diarrhoea treatment - percentage of children (under age 5) with diarrhoea who received ORS and zinc,2010,0.3,Female,%
Malawi,Diarrhoea treatment - percentage of children (under age 5) with diarrhoea who received ORS and zinc,2014,23.2,Female,%
Malawi,Diarrhoea treatment - percentage of children (under age 5) with diarrhoea who received ORS and zinc,2016,25.1,Female,%
Malawi,Diarrhoea treatment - percentage of children (under age 5) with diarrhoea who received ORS and zinc,2020,21.7,Female,%
Malawi,Diarrhoea treatment - percentage of children (under age 5) with diarrhoea who received ORS and zinc,2010,0.1,Male,%
Malawi,Diarrhoea treatment - percentage of children (under age 5) with diarrhoea who received ORS and zinc,2014,22.8,Male,%
Malawi,Diarrhoea treatment - percentage of children (under age 5) with diarrhoea who received ORS and zinc,2016,23.7,Male,%
Malawi,Diarrhoea treatment - percentage of children (under age 5) with diarrhoea who received ORS and zinc,2020,22.2,Male,%
Malawi,Diarrhoea treatment - percentage of children (under age 5) with diarrhoea who received ORS and zinc,2010,0.2,Total,%
Malawi,Diarrhoea treatment - percentage of children (under age 5) with diarrhoea who received ORS and zinc,2014,23,Total,%
Malawi,Diarrhoea treatment - percentage of children (under age 5) with diarrhoea who received ORS and zinc,2016,24.4,Total,%
Malawi,Diarrhoea treatment - percentage of children (under age 5) with diarrhoea who received ORS and zinc,2020,22,Total,%
Maldives,Diarrhoea treatment - percentage of children (under age 5) with diarrhoea who received ORS and zinc,2009,0.9,Male,%
Maldives,Diarrhoea treatment - percentage of children (under age 5) with diarrhoea who received ORS and zinc,2009,0.5,Total,%
Maldives,Diarrhoea treatment - percentage of children (under age 5) with diarrhoea who received ORS and zinc,2017,41.6,Total,%
Mali,Diarrhoea treatment - percentage of children (under age 5) with diarrhoea who received ORS and zinc,2013,2.1,Female,%
Mali,Diarrhoea treatment - percentage of children (under age 5) with diarrhoea who received ORS and zinc,2018,9.1,Female,%
Mali,Diarrhoea treatment - percentage of children (under age 5) with diarrhoea who received ORS and zinc,2013,0.9,Male,%
Mali,Diarrhoea treatment - percentage of children (under age 5) with diarrhoea who received ORS and zinc,2018,8.2,Male,%
Mali,Diarrhoea treatment - percentage of children (under age 5) with diarrhoea who received ORS and zinc,2013,1.4,Total,%
Mali,Diarrhoea treatment - percentage of children (under age 5) with diarrhoea who received ORS and zinc,2015,2.3,Total,%
Mali,Diarrhoea treatment - percentage of children (under age 5) with diarrhoea who received ORS and zinc,2018,8.6,Total,%
Mauritania,Diarrhoea treatment - percentage of children (under age 5) with diarrhoea who received ORS and zinc,2011,0.1,Female,%
Mauritania,Diarrhoea treatment - percentage of children (under age 5) with diarrhoea who received ORS and zinc,2021,6.4,Female,%
Mauritania,Diarrhoea treatment - percentage of children (under age 5) with diarrhoea who received ORS and zinc,2011,0.3,Male,%
Mauritania,Diarrhoea treatment - percentage of children (under age 5) with diarrhoea who received ORS and zinc,2021,7.7,Male,%
Mauritania,Diarrhoea treatment - percentage of children (under age 5) with diarrhoea who received ORS and zinc,2011,0.2,Total,%
Mauritania,Diarrhoea treatment - percentage of children (under age 5) with diarrhoea who received ORS and zinc,2015,16,Total,%
Mauritania,Diarrhoea treatment - percentage of children (under age 5) with diarrhoea who received ORS and zinc,2021,7.1,Total,%
Mexico,Diarrhoea treatment - percentage of children (under age 5) with diarrhoea who received ORS and zinc,2015,10,Female,%
Mexico,Diarrhoea treatment - percentage of children (under age 5) with diarrhoea who received ORS and zinc,2015,7.8,Male,%
Mexico,Diarrhoea treatment - percentage of children (under age 5) with diarrhoea who received ORS and zinc,2015,8.8,Total,%
Mongolia,Diarrhoea treatment - percentage of children (under age 5) with diarrhoea who received ORS and zinc,2014,5.6,Female,%
Mongolia,Diarrhoea treatment - percentage of children (under age 5) with diarrhoea who received ORS and zinc,2018,16.9,Female,%
Mongolia,Diarrhoea treatment - percentage of children (under age 5) with diarrhoea who received ORS and zinc,2014,8.6,Male,%
Mongolia,Diarrhoea treatment - percentage of children (under age 5) with diarrhoea who received ORS and zinc,2018,9.7,Male,%
Mongolia,Diarrhoea treatment - percentage of children (under age 5) with diarrhoea who received ORS and zinc,2014,7.1,Total,%
Mongolia,Diarrhoea treatment - percentage of children (under age 5) with diarrhoea who received ORS and zinc,2018,13.1,Total,%
Namibia,Diarrhoea treatment - percentage of children (under age 5) with diarrhoea who received ORS and zinc,2013,0.3,Male,%
Namibia,Diarrhoea treatment - percentage of children (under age 5) with diarrhoea who received ORS and zinc,2013,0.2,Total,%
Nepal,Diarrhoea treatment - percentage of children (under age 5) with diarrhoea who received ORS and zinc,2011,3.2,Female,%
Nepal,Diarrhoea treatment - percentage of children (under age 5) with diarrhoea who received ORS and zinc,2014,18,Female,%
Nepal,Diarrhoea treatment - percentage of children (under age 5) with diarrhoea who received ORS and zinc,2016,7.9,Female,%
Nepal,Diarrhoea treatment - percentage of children (under age 5) with diarrhoea who received ORS and zinc,2019,31.2,Female,%
Nepal,Diarrhoea treatment - percentage of children (under age 5) with diarrhoea who received ORS and zinc,2011,6,Male,%
Nepal,Diarrhoea treatment - percentage of children (under age 5) with diarrhoea who received ORS and zinc,2014,18.3,Male,%
Nepal,Diarrhoea treatment - percentage of children (under age 5) with diarrhoea who received ORS and zinc,2016,12.4,Male,%
Nepal,Diarrhoea treatment - percentage of children (under age 5) with diarrhoea who received ORS and zinc,2019,27.3,Male,%
Nepal,Diarrhoea treatment - percentage of children (under age 5) with diarrhoea who received ORS and zinc,2011,4.8,Total,%
Nepal,Diarrhoea treatment - percentage of children (under age 5) with diarrhoea who received ORS and zinc,2014,18.2,Total,%
Nepal,Diarrhoea treatment - percentage of children (under age 5) with diarrhoea who received ORS and zinc,2016,10.3,Total,%
Nepal,Diarrhoea treatment - percentage of children (under age 5) with diarrhoea who received ORS and zinc,2019,28.9,Total,%
Niger,Diarrhoea treatment - percentage of children (under age 5) with diarrhoea who received ORS and zinc,2012,7.8,Female,%
Niger,Diarrhoea treatment - percentage of children (under age 5) with diarrhoea who received ORS and zinc,2012,8.8,Male,%
Niger,Diarrhoea treatment - percentage of children (under age 5) with diarrhoea who received ORS and zinc,2012,8.3,Total,%
Niger,Diarrhoea treatment - percentage of children (under age 5) with diarrhoea who received ORS and zinc,2015,13.1,Total,%
Niger,Diarrhoea treatment - percentage of children (under age 5) with diarrhoea who received ORS and zinc,2021,20.7,Total,%
Nigeria,Diarrhoea treatment - percentage of children (under age 5) with diarrhoea who received ORS and zinc,2008,0.5,Female,%
Nigeria,Diarrhoea treatment - percentage of children (under age 5) with diarrhoea who received ORS and zinc,2011,0.2,Female,%
Nigeria,Diarrhoea treatment - percentage of children (under age 5) with diarrhoea who received ORS and zinc,2013,1.4,Female,%
Nigeria,Diarrhoea treatment - percentage of children (under age 5) with diarrhoea who received ORS and zinc,2017,17.5,Female,%
Nigeria,Diarrhoea treatment - percentage of children (under age 5) with diarrhoea who received ORS and zinc,2018,24.6,Female,%
Nigeria,Diarrhoea treatment - percentage of children (under age 5) with diarrhoea who received ORS and zinc,2021,25.2,Female,%
Nigeria,Diarrhoea treatment - percentage of children (under age 5) with diarrhoea who received ORS and zinc,2008,0.1,Male,%
Nigeria,Diarrhoea treatment - percentage of children (under age 5) with diarrhoea who received ORS and zinc,2011,0.2,Male,%
Nigeria,Diarrhoea treatment - percentage of children (under age 5) with diarrhoea who received ORS and zinc,2013,1.3,Male,%
Nigeria,Diarrhoea treatment - percentage of children (under age 5) with diarrhoea who received ORS and zinc,2017,19.3,Male,%
Nigeria,Diarrhoea treatment - percentage of children (under age 5) with diarrhoea who received ORS and zinc,2018,21,Male,%
Nigeria,Diarrhoea treatment - percentage of children (under age 5) with diarrhoea who received ORS and zinc,2021,25.7,Male,%
Nigeria,Diarrhoea treatment - percentage of children (under age 5) with diarrhoea who received ORS and zinc,2008,0.3,Total,%
Nigeria,Diarrhoea treatment - percentage of children (under age 5) with diarrhoea who received ORS and zinc,2011,0.2,Total,%
Nigeria,Diarrhoea treatment - percentage of children (under age 5) with diarrhoea who received ORS and zinc,2013,1.4,Total,%
Nigeria,Diarrhoea treatment - percentage of children (under age 5) with diarrhoea who received ORS and zinc,2017,18.5,Total,%
Nigeria,Diarrhoea treatment - percentage of children (under age 5) with diarrhoea who received ORS and zinc,2018,22.8,Total,%
Nigeria,Diarrhoea treatment - percentage of children (under age 5) with diarrhoea who received ORS and zinc,2021,25.5,Total,%
Pakistan,Diarrhoea treatment - percentage of children (under age 5) with diarrhoea who received ORS and zinc,2013,1.1,Female,%
Pakistan,Diarrhoea treatment - percentage of children (under age 5) with diarrhoea who received ORS and zinc,2018,7,Female,%
Pakistan,Diarrhoea treatment - percentage of children (under age 5) with diarrhoea who received ORS and zinc,2013,0.5,Male,%
Pakistan,Diarrhoea treatment - percentage of children (under age 5) with diarrhoea who received ORS and zinc,2018,8.8,Male,%
Pakistan,Diarrhoea treatment - percentage of children (under age 5) with diarrhoea who received ORS and zinc,2013,0.8,Total,%
Pakistan,Diarrhoea treatment - percentage of children (under age 5) with diarrhoea who received ORS and zinc,2018,8,Total,%
Papua New Guinea,Diarrhoea treatment - percentage of children (under age 5) with diarrhoea who received ORS and zinc,2018,4.9,Female,%
Papua New Guinea,Diarrhoea treatment - percentage of children (under age 5) with diarrhoea who received ORS and zinc,2018,5.1,Male,%
Papua New Guinea,Diarrhoea treatment - percentage of children (under age 5) with diarrhoea who received ORS and zinc,2018,5,Total,%
Paraguay,Diarrhoea treatment - percentage of children (under age 5) with diarrhoea who received ORS and zinc,2016,3.4,Female,%
Paraguay,Diarrhoea treatment - percentage of children (under age 5) with diarrhoea who received ORS and zinc,2016,3.5,Male,%
Paraguay,Diarrhoea treatment - percentage of children (under age 5) with diarrhoea who received ORS and zinc,2016,3.5,Total,%
Peru,Diarrhoea treatment - percentage of children (under age 5) with diarrhoea who received ORS and zinc,2009,0.5,Female,%
Peru,Diarrhoea treatment - percentage of children (under age 5) with diarrhoea who received ORS and zinc,2011,0.2,Female,%
Peru,Diarrhoea treatment - percentage of children (under age 5) with diarrhoea who received ORS and zinc,2009,0.4,Male,%
Peru,Diarrhoea treatment - percentage of children (under age 5) with diarrhoea who received ORS and zinc,2011,0.1,Male,%
Peru,Diarrhoea treatment - percentage of children (under age 5) with diarrhoea who received ORS and zinc,2012,0.5,Male,%
Peru,Diarrhoea treatment - percentage of children (under age 5) with diarrhoea who received ORS and zinc,2009,0.5,Total,%
Peru,Diarrhoea treatment - percentage of children (under age 5) with diarrhoea who received ORS and zinc,2011,0.1,Total,%
Peru,Diarrhoea treatment - percentage of children (under age 5) with diarrhoea who received ORS and zinc,2012,0.2,Total,%
Philippines,Diarrhoea treatment - percentage of children (under age 5) with diarrhoea who received ORS and zinc,2008,0.5,Female,%
Philippines,Diarrhoea treatment - percentage of children (under age 5) with diarrhoea who received ORS and zinc,2013,3.4,Female,%
Philippines,Diarrhoea treatment - percentage of children (under age 5) with diarrhoea who received ORS and zinc,2017,13.7,Female,%
Philippines,Diarrhoea treatment - percentage of children (under age 5) with diarrhoea who received ORS and zinc,2008,1.8,Male,%
Philippines,Diarrhoea treatment - percentage of children (under age 5) with diarrhoea who received ORS and zinc,2013,5.5,Male,%
Philippines,Diarrhoea treatment - percentage of children (under age 5) with diarrhoea who received ORS and zinc,2017,20.3,Male,%
Philippines,Diarrhoea treatment - percentage of children (under age 5) with diarrhoea who received ORS and zinc,2008,1.2,Total,%
Philippines,Diarrhoea treatment - percentage of children (under age 5) with diarrhoea who received ORS and zinc,2013,4.6,Total,%
Philippines,Diarrhoea treatment - percentage of children (under age 5) with diarrhoea who received ORS and zinc,2017,17.1,Total,%
Rwanda,Diarrhoea treatment - percentage of children (under age 5) with diarrhoea who received ORS and zinc,2015,6.4,Female,%
Rwanda,Diarrhoea treatment - percentage of children (under age 5) with diarrhoea who received ORS and zinc,2020,19,Female,%
Rwanda,Diarrhoea treatment - percentage of children (under age 5) with diarrhoea who received ORS and zinc,2008,0.3,Male,%
Rwanda,Diarrhoea treatment - percentage of children (under age 5) with diarrhoea who received ORS and zinc,2015,7.5,Male,%
Rwanda,Diarrhoea treatment - percentage of children (under age 5) with diarrhoea who received ORS and zinc,2020,18.6,Male,%
Rwanda,Diarrhoea treatment - percentage of children (under age 5) with diarrhoea who received ORS and zinc,2008,0.2,Total,%
Rwanda,Diarrhoea treatment - percentage of children (under age 5) with diarrhoea who received ORS and zinc,2015,7,Total,%
Rwanda,Diarrhoea treatment - percentage of children (under age 5) with diarrhoea who received ORS and zinc,2020,18.8,Total,%
Samoa,Diarrhoea treatment - percentage of children (under age 5) with diarrhoea who received ORS and zinc,2020,25.1,Female,%
Samoa,Diarrhoea treatment - percentage of children (under age 5) with diarrhoea who received ORS and zinc,2020,27.1,Male,%
Samoa,Diarrhoea treatment - percentage of children (under age 5) with diarrhoea who received ORS and zinc,2020,26.1,Total,%
Sao Tome and Principe,Diarrhoea treatment - percentage of children (under age 5) with diarrhoea who received ORS and zinc,2019,23.3,Female,%
Sao Tome and Principe,Diarrhoea treatment - percentage of children (under age 5) with diarrhoea who received ORS and zinc,2019,21.5,Male,%
Sao Tome and Principe,Diarrhoea treatment - percentage of children (under age 5) with diarrhoea who received ORS and zinc,2019,22.4,Total,%
Senegal,Diarrhoea treatment - percentage of children (under age 5) with diarrhoea who received ORS and zinc,2011,0,Female,%
Senegal,Diarrhoea treatment - percentage of children (under age 5) with diarrhoea who received ORS and zinc,2013,0.3,Female,%
Senegal,Diarrhoea treatment - percentage of children (under age 5) with diarrhoea who received ORS and zinc,2014,0.7,Female,%
Senegal,Diarrhoea treatment - percentage of children (under age 5) with diarrhoea who received ORS and zinc,2015,5.9,Female,%
Senegal,Diarrhoea treatment - percentage of children (under age 5) with diarrhoea who received ORS and zinc,2017,18.1,Female,%
Senegal,Diarrhoea treatment - percentage of children (under age 5) with diarrhoea who received ORS and zinc,2018,19.5,Female,%
Senegal,Diarrhoea treatment - percentage of children (under age 5) with diarrhoea who received ORS and zinc,2019,16.2,Female,%
Senegal,Diarrhoea treatment - percentage of children (under age 5) with diarrhoea who received ORS and zinc,2011,0.2,Male,%
Senegal,Diarrhoea treatment - percentage of children (under age 5) with diarrhoea who received ORS and zinc,2013,0.6,Male,%
Senegal,Diarrhoea treatment - percentage of children (under age 5) with diarrhoea who received ORS and zinc,2014,0.6,Male,%
Senegal,Diarrhoea treatment - percentage of children (under age 5) with diarrhoea who received ORS and zinc,2015,8.6,Male,%
Senegal,Diarrhoea treatment - percentage of children (under age 5) with diarrhoea who received ORS and zinc,2017,17.9,Male,%
Senegal,Diarrhoea treatment - percentage of children (under age 5) with diarrhoea who received ORS and zinc,2018,19.1,Male,%
Senegal,Diarrhoea treatment - percentage of children (under age 5) with diarrhoea who received ORS and zinc,2019,21.9,Male,%
Senegal,Diarrhoea treatment - percentage of children (under age 5) with diarrhoea who received ORS and zinc,2011,0.1,Total,%
Senegal,Diarrhoea treatment - percentage of children (under age 5) with diarrhoea who received ORS and zinc,2013,0.4,Total,%
Senegal,Diarrhoea treatment - percentage of children (under age 5) with diarrhoea who received ORS and zinc,2014,0.7,Total,%
Senegal,Diarrhoea treatment - percentage of children (under age 5) with diarrhoea who received ORS and zinc,2015,7.2,Total,%
Senegal,Diarrhoea treatment - percentage of children (under age 5) with diarrhoea who received ORS and zinc,2017,18,Total,%
Senegal,Diarrhoea treatment - percentage of children (under age 5) with diarrhoea who received ORS and zinc,2018,19.3,Total,%
Senegal,Diarrhoea treatment - percentage of children (under age 5) with diarrhoea who received ORS and zinc,2019,19,Total,%
Sierra Leone,Diarrhoea treatment - percentage of children (under age 5) with diarrhoea who received ORS and zinc,2008,2.4,Female,%
Sierra Leone,Diarrhoea treatment - percentage of children (under age 5) with diarrhoea who received ORS and zinc,2010,1.2,Female,%
Sierra Leone,Diarrhoea treatment - percentage of children (under age 5) with diarrhoea who received ORS and zinc,2013,3.3,Female,%
Sierra Leone,Diarrhoea treatment - percentage of children (under age 5) with diarrhoea who received ORS and zinc,2017,41.2,Female,%
Sierra Leone,Diarrhoea treatment - percentage of children (under age 5) with diarrhoea who received ORS and zinc,2019,51,Female,%
Sierra Leone,Diarrhoea treatment - percentage of children (under age 5) with diarrhoea who received ORS and zinc,2008,1.7,Male,%
Sierra Leone,Diarrhoea treatment - percentage of children (under age 5) with diarrhoea who received ORS and zinc,2010,0.7,Male,%
Sierra Leone,Diarrhoea treatment - percentage of children (under age 5) with diarrhoea who received ORS and zinc,2013,3.6,Male,%
Sierra Leone,Diarrhoea treatment - percentage of children (under age 5) with diarrhoea who received ORS and zinc,2017,44.2,Male,%
Sierra Leone,Diarrhoea treatment - percentage of children (under age 5) with diarrhoea who received ORS and zinc,2019,55.5,Male,%
Sierra Leone,Diarrhoea treatment - percentage of children (under age 5) with diarrhoea who received ORS and zinc,2008,2,Total,%
Sierra Leone,Diarrhoea treatment - percentage of children (under age 5) with diarrhoea who received ORS and zinc,2010,0.9,Total,%
Sierra Leone,Diarrhoea treatment - percentage of children (under age 5) with diarrhoea who received ORS and zinc,2013,3.4,Total,%
Sierra Leone,Diarrhoea treatment - percentage of children (under age 5) with diarrhoea who received ORS and zinc,2017,42.7,Total,%
Sierra Leone,Diarrhoea treatment - percentage of children (under age 5) with diarrhoea who received ORS and zinc,2019,53.4,Total,%
South Africa,Diarrhoea treatment - percentage of children (under age 5) with diarrhoea who received ORS and zinc,2016,24.6,Female,%
South Africa,Diarrhoea treatment - percentage of children (under age 5) with diarrhoea who received ORS and zinc,2016,30.5,Male,%
South Africa,Diarrhoea treatment - percentage of children (under age 5) with diarrhoea who received ORS and zinc,2016,27.9,Total,%
South Sudan,Diarrhoea treatment - percentage of children (under age 5) with diarrhoea who received ORS and zinc,2010,1.4,Female,%
South Sudan,Diarrhoea treatment - percentage of children (under age 5) with diarrhoea who received ORS and zinc,2010,2,Male,%
South Sudan,Diarrhoea treatment - percentage of children (under age 5) with diarrhoea who received ORS and zinc,2010,1.7,Total,%
South Sudan,Diarrhoea treatment - percentage of children (under age 5) with diarrhoea who received ORS and zinc,2020,38.6,Total,%
Sudan,Diarrhoea treatment - percentage of children (under age 5) with diarrhoea who received ORS and zinc,2010,0,Female,%
Sudan,Diarrhoea treatment - percentage of children (under age 5) with diarrhoea who received ORS and zinc,2014,29,Female,%
Sudan,Diarrhoea treatment - percentage of children (under age 5) with diarrhoea who received ORS and zinc,2010,0.5,Male,%
Sudan,Diarrhoea treatment - percentage of children (under age 5) with diarrhoea who received ORS and zinc,2014,28.8,Male,%
Sudan,Diarrhoea treatment - percentage of children (under age 5) with diarrhoea who received ORS and zinc,2010,0.3,Total,%
Sudan,Diarrhoea treatment - percentage of children (under age 5) with diarrhoea who received ORS and zinc,2014,28.9,Total,%
Tajikistan,Diarrhoea treatment - percentage of children (under age 5) with diarrhoea who received ORS and zinc,2017,15.9,Female,%
Tajikistan,Diarrhoea treatment - percentage of children (under age 5) with diarrhoea who received ORS and zinc,2017,13.5,Male,%
Tajikistan,Diarrhoea treatment - percentage of children (under age 5) with diarrhoea who received ORS and zinc,2017,14.6,Total,%
Timor-Leste,Diarrhoea treatment - percentage of children (under age 5) with diarrhoea who received ORS and zinc,2010,4.6,Female,%
Timor-Leste,Diarrhoea treatment - percentage of children (under age 5) with diarrhoea who received ORS and zinc,2016,41.5,Female,%
Timor-Leste,Diarrhoea treatment - percentage of children (under age 5) with diarrhoea who received ORS and zinc,2010,3.5,Male,%
Timor-Leste,Diarrhoea treatment - percentage of children (under age 5) with diarrhoea who received ORS and zinc,2016,39.3,Male,%
Timor-Leste,Diarrhoea treatment - percentage of children (under age 5) with diarrhoea who received ORS and zinc,2010,4.1,Total,%
Timor-Leste,Diarrhoea treatment - percentage of children (under age 5) with diarrhoea who received ORS and zinc,2016,40.3,Total,%
Togo,Diarrhoea treatment - percentage of children (under age 5) with diarrhoea who received ORS and zinc,2010,0.3,Female,%
Togo,Diarrhoea treatment - percentage of children (under age 5) with diarrhoea who received ORS and zinc,2014,0.1,Female,%
Togo,Diarrhoea treatment - percentage of children (under age 5) with diarrhoea who received ORS and zinc,2017,5.1,Female,%
Togo,Diarrhoea treatment - percentage of children (under age 5) with diarrhoea who received ORS and zinc,2010,0.4,Male,%
Togo,Diarrhoea treatment - percentage of children (under age 5) with diarrhoea who received ORS and zinc,2014,0.1,Male,%
Togo,Diarrhoea treatment - percentage of children (under age 5) with diarrhoea who received ORS and zinc,2017,5,Male,%
Togo,Diarrhoea treatment - percentage of children (under age 5) with diarrhoea who received ORS and zinc,2010,0.3,Total,%
Togo,Diarrhoea treatment - percentage of children (under age 5) with diarrhoea who received ORS and zinc,2014,0.1,Total,%
Togo,Diarrhoea treatment - percentage of children (under age 5) with diarrhoea who received ORS and zinc,2017,5.1,Total,%
Tunisia,Diarrhoea treatment - percentage of children (under age 5) with diarrhoea who received ORS and zinc,2018,1,Female,%
Tunisia,Diarrhoea treatment - percentage of children (under age 5) with diarrhoea who received ORS and zinc,2018,2.1,Male,%
Tunisia,Diarrhoea treatment - percentage of children (under age 5) with diarrhoea who received ORS and zinc,2018,1.6,Total,%
Turkmenistan,Diarrhoea treatment - percentage of children (under age 5) with diarrhoea who received ORS and zinc,2016,6.6,Total,%
Tuvalu,Diarrhoea treatment - percentage of children (under age 5) with diarrhoea who received ORS and zinc,2020,8.6,Female,%
Tuvalu,Diarrhoea treatment - percentage of children (under age 5) with diarrhoea who received ORS and zinc,2020,2.4,Male,%
Tuvalu,Diarrhoea treatment - percentage of children (under age 5) with diarrhoea who received ORS and zinc,2020,4.6,Total,%
Uganda,Diarrhoea treatment - percentage of children (under age 5) with diarrhoea who received ORS and zinc,2006,0.5,Female,%
Uganda,Diarrhoea treatment - percentage of children (under age 5) with diarrhoea who received ORS and zinc,2011,1.3,Female,%
Uganda,Diarrhoea treatment - percentage of children (under age 5) with diarrhoea who received ORS and zinc,2016,28,Female,%
Uganda,Diarrhoea treatment - percentage of children (under age 5) with diarrhoea who received ORS and zinc,2006,0.3,Male,%
Uganda,Diarrhoea treatment - percentage of children (under age 5) with diarrhoea who received ORS and zinc,2011,1.2,Male,%
Uganda,Diarrhoea treatment - percentage of children (under age 5) with diarrhoea who received ORS and zinc,2016,31,Male,%
Uganda,Diarrhoea treatment - percentage of children (under age 5) with diarrhoea who received ORS and zinc,2006,0.4,Total,%
Uganda,Diarrhoea treatment - percentage of children (under age 5) with diarrhoea who received ORS and zinc,2011,1.2,Total,%
Uganda,Diarrhoea treatment - percentage of children (under age 5) with diarrhoea who received ORS and zinc,2016,29.6,Total,%
"Tanzania, United Republic of",Diarrhoea treatment - percentage of children (under age 5) with diarrhoea who received ORS and zinc,2010,4,Female,%
"Tanzania, United Republic of",Diarrhoea treatment - percentage of children (under age 5) with diarrhoea who received ORS and zinc,2016,13,Female,%
"Tanzania, United Republic of",Diarrhoea treatment - percentage of children (under age 5) with diarrhoea who received ORS and zinc,2010,1.9,Male,%
"Tanzania, United Republic of",Diarrhoea treatment - percentage of children (under age 5) with diarrhoea who received ORS and zinc,2016,13.9,Male,%
"Tanzania, United Republic of",Diarrhoea treatment - percentage of children (under age 5) with diarrhoea who received ORS and zinc,2010,2.9,Total,%
"Tanzania, United Republic of",Diarrhoea treatment - percentage of children (under age 5) with diarrhoea who received ORS and zinc,2016,13.4,Total,%
Uzbekistan,Diarrhoea treatment - percentage of children (under age 5) with diarrhoea who received ORS and zinc,2022,12.8,Female,%
Uzbekistan,Diarrhoea treatment - percentage of children (under age 5) with diarrhoea who received ORS and zinc,2022,12.8,Male,%
Uzbekistan,Diarrhoea treatment - percentage of children (under age 5) with diarrhoea who received ORS and zinc,2022,12.8,Total,%
Viet Nam,Diarrhoea treatment - percentage of children (under age 5) with diarrhoea who received ORS and zinc,2014,10.8,Female,%
Vietnam,Diarrhoea treatment - percentage of children (under age 5) with diarrhoea who received ORS and zinc,2014,10.8,Female,%
Viet Nam,Diarrhoea treatment - percentage of children (under age 5) with diarrhoea who received ORS and zinc,2014,13.8,Male,%
Vietnam,Diarrhoea treatment - percentage of children (under age 5) with diarrhoea who received ORS and zinc,2014,13.8,Male,%
Viet Nam,Diarrhoea treatment - percentage of children (under age 5) with diarrhoea who received ORS and zinc,2014,12.6,Total,%
Vietnam,Diarrhoea treatment - percentage of children (under age 5) with diarrhoea who received ORS and zinc,2014,12.6,Total,%
Viet Nam,Diarrhoea treatment - percentage of children (under age 5) with diarrhoea who received ORS and zinc,2021,21.2,Total,%
Vietnam,Diarrhoea treatment - percentage of children (under age 5) with diarrhoea who received ORS and zinc,2021,21.2,Total,%
Yemen,Diarrhoea treatment - percentage of children (under age 5) with diarrhoea who received ORS and zinc,2013,0.4,Female,%
Yemen,Diarrhoea treatment - percentage of children (under age 5) with diarrhoea who received ORS and zinc,2013,0.2,Male,%
Yemen,Diarrhoea treatment - percentage of children (under age 5) with diarrhoea who received ORS and zinc,2013,0.3,Total,%
Zambia,Diarrhoea treatment - percentage of children (under age 5) with diarrhoea who received ORS and zinc,2019,32.4,Female,%
Zambia,Diarrhoea treatment - percentage of children (under age 5) with diarrhoea who received ORS and zinc,2019,34.6,Male,%
Zambia,Diarrhoea treatment - percentage of children (under age 5) with diarrhoea who received ORS and zinc,2019,33.5,Total,%
Zimbabwe,Diarrhoea treatment - percentage of children (under age 5) with diarrhoea who received ORS and zinc,2014,13.9,Female,%
Zimbabwe,Diarrhoea treatment - percentage of children (under age 5) with diarrhoea who received ORS and zinc,2015,13.9,Female,%
Zimbabwe,Diarrhoea treatment - percentage of children (under age 5) with diarrhoea who received ORS and zinc,2019,22.9,Female,%
Zimbabwe,Diarrhoea treatment - percentage of children (under age 5) with diarrhoea who received ORS and zinc,2014,13.7,Male,%
Zimbabwe,Diarrhoea treatment - percentage of children (under age 5) with diarrhoea who received ORS and zinc,2015,16.1,Male,%
Zimbabwe,Diarrhoea treatment - percentage of children (under age 5) with diarrhoea who received ORS and zinc,2019,22.1,Male,%
Zimbabwe,Diarrhoea treatment - percentage of children (under age 5) with diarrhoea who received ORS and zinc,2014,13.8,Total,%
Zimbabwe,Diarrhoea treatment - percentage of children (under age 5) with diarrhoea who received ORS and zinc,2015,15.1,Total,%
Zimbabwe,Diarrhoea treatment - percentage of children (under age 5) with diarrhoea who received ORS and zinc,2019,22.5,Total,%
